"Product_Index","Original_Price","Random Forest_Predicted","Random Forest_AbsoluteError","Random Forest_PercentError","SVM_Predicted","SVM_AbsoluteError","SVM_PercentError"
1,1046.05,1079.99,33.94,3.24,1258.77,212.72,20.34
2,1099.99,1294.54,194.55,17.69,1176.7,76.71,6.97
3,1399.98,1572.67,172.69,12.34,1614.48,214.5,15.32
4,1048.2,1079.99,31.79,3.03,1258.77,210.57,20.09
5,1599.98,1665.22,65.24,4.08,2195.29,595.31,37.21
6,1299.99,1658.89,358.9,27.61,1643.33,343.34,26.41
7,1249.99,2793.31,1543.32,123.47,2799.85,1549.86,123.99
8,994.21,1081.41,87.2,8.77,1058.73,64.52,6.49
9,2299.89,3445.53,1145.64,49.81,4324.83,2024.94,88.05
10,1120.33,1295.29,174.96,15.62,1336.27,215.94,19.27
11,1499.99,1686.32,186.33,12.42,2028.9,528.91,35.26
12,649,695.44,46.44,7.16,781.57,132.57,20.43
13,1085.93,1079.99,5.94,0.55,1258.77,172.84,15.92
14,1499.9,1665.22,165.32,11.02,2195.29,695.39,46.36
15,779,748.76,30.24,3.88,828.77,49.77,6.39
16,523.34,626.23,102.89,19.66,793.57,270.23,51.64
17,1279.99,1521.38,241.39,18.86,1437.01,157.02,12.27
18,3220.08,3482.29,262.21,8.14,3571.03,350.95,10.9
19,2679.9,2925.5,245.6,9.16,2939.07,259.17,9.67
20,998.9,1063.39,64.49,6.46,1069.93,71.03,7.11
21,4399.89,4639.23,239.34,5.44,4671.36,271.47,6.17
22,830.99,1262.84,431.85,51.97,1113.63,282.64,34.01
23,2349.98,2352.1,2.12,0.09,2311.71,38.27,1.63
24,1039.86,1203.96,164.1,15.78,1515.19,475.33,45.71
25,3170.14,3372.7,202.56,6.39,3358.8,188.66,5.95
26,3789.89,3911.8,121.91,3.22,4006.11,216.22,5.71
27,799.99,762.65,37.34,4.67,852.08,52.09,6.51
28,690.2,740.43,50.23,7.28,822.05,131.85,19.1
29,689.01,724.07,35.06,5.09,855.13,166.12,24.11
30,4559.99,4639.23,79.24,1.74,4671.36,111.37,2.44
31,3799.9,4086.19,286.29,7.53,4047.1,247.2,6.51
32,3299.9,3284.88,15.02,0.46,3099.07,200.83,6.09
33,1362.68,1322.91,39.77,2.92,1536.69,174.01,12.77
34,1999.99,2699.09,699.1,34.96,2689.8,689.81,34.49
35,2961.07,3287.92,326.85,11.04,2936.93,24.14,0.82
36,762.52,715.58,46.94,6.16,825.22,62.7,8.22
37,2820.72,2886.48,65.76,2.33,2633.66,187.06,6.63
38,3499.98,3502.47,2.49,0.07,3594.82,94.84,2.71
39,1599.9,1665.22,65.32,4.08,2195.29,595.39,37.21
40,3549.98,3486.28,63.7,1.79,3569.88,19.9,0.56
41,1074.96,1088.69,13.73,1.28,1064.7,10.26,0.95
42,709,707.65,1.35,0.19,816.7,107.7,15.19
43,1004.93,1269.48,264.55,26.33,1424.5,419.57,41.75
44,4499.99,4811.68,311.69,6.93,4791.18,291.19,6.47
45,2304.97,2655.13,350.16,15.19,3080.32,775.35,33.64
46,2379.99,2795.85,415.86,17.47,2551.39,171.4,7.2
47,2399.99,2157.46,242.53,10.11,1829.52,570.47,23.77
48,1249.89,1746.35,496.46,39.72,1500.84,250.95,20.08
49,1047.82,1088.73,40.91,3.9,1410.18,362.36,34.58
50,3374.11,3691.98,317.87,9.42,4118.34,744.23,22.06
51,4489.99,4153.35,336.64,7.5,3908.76,581.23,12.95
52,2871.02,2434.02,437,15.22,2645.38,225.64,7.86
53,779.9,765.55,14.35,1.84,775.15,4.75,0.61
54,539,573.2,34.2,6.35,571.75,32.75,6.08
55,578.99,622.97,43.98,7.6,734.64,155.65,26.88
56,2749.99,2201.95,548.04,19.93,1669.39,1080.6,39.29
57,1399.98,1832.88,432.9,30.92,2203.31,803.33,57.38
58,2499.9,2978.58,478.68,19.15,2834.13,334.23,13.37
59,569.98,627.89,57.91,10.16,731.07,161.09,28.26
60,2520.04,2706.16,186.12,7.39,2775.46,255.42,10.14
61,1038.1,1125.68,87.58,8.44,1210.78,172.68,16.63
62,2748.99,2850.86,101.87,3.71,2927.13,178.14,6.48
63,2499.98,3500.68,1000.7,40.03,3058.1,558.12,22.32
64,1456.39,1565.97,109.58,7.52,1784.8,328.41,22.55
65,749,797.31,48.31,6.45,891.71,142.71,19.05
66,965.9,1025.58,59.68,6.18,1276.85,310.95,32.19
67,1899.98,2010.35,110.37,5.81,2373.21,473.23,24.91
68,2193.41,2511.84,318.43,14.52,2723.19,529.78,24.15
69,768.89,1253.16,484.27,62.98,1025.03,256.14,33.31
70,3499.98,3507.88,7.9,0.23,3299.87,200.11,5.72
71,2154.3,2905.84,751.54,34.89,3023.25,868.95,40.34
72,2319.81,2109.37,210.44,9.07,1766.26,553.55,23.86
73,1299.98,1232.96,67.02,5.16,1244.38,55.6,4.28
74,526.79,552.11,25.32,4.81,559.52,32.73,6.21
75,779,751.93,27.07,3.47,869.06,90.06,11.56
76,1739.89,1465.76,274.13,15.76,1266.84,473.05,27.19
77,1599.98,1638.25,38.27,2.39,1733.74,133.76,8.36
78,699,828.04,129.04,18.46,918.21,219.21,31.36
79,709.99,790.09,80.1,11.28,869.93,159.94,22.53
80,1068.03,1327.74,259.71,24.32,1592.29,524.26,49.09
81,1120.86,1326.93,206.07,18.38,1429.46,308.6,27.53
82,1799.99,1973.78,173.79,9.66,1790.89,9.1,0.51
83,2599.98,3364.87,764.89,29.42,3040.02,440.04,16.92
84,3521.28,3550.15,28.87,0.82,3306.07,215.21,6.11
85,749,740.03,8.97,1.2,721.66,27.34,3.65
86,2849.99,3051.49,201.5,7.07,3478.27,628.28,22.04
87,2434.1,2725.64,291.54,11.98,3337.39,903.29,37.11
88,699.72,710.3,10.58,1.51,742.2,42.48,6.07
89,559,580.05,21.05,3.77,568.95,9.95,1.78
90,1106.7,1395.38,288.68,26.08,1331.27,224.57,20.29
91,1185.99,1503.43,317.44,26.77,1870.08,684.09,57.68
92,3099.89,4396.26,1296.37,41.82,3415.35,315.46,10.18
93,949.62,1233.6,283.98,29.9,1402.4,452.78,47.68
94,1599.99,1950.3,350.31,21.89,1099.04,500.95,31.31
95,1345.02,1754.74,409.72,30.46,1463.49,118.47,8.81
96,539,582.42,43.42,8.06,645.56,106.56,19.77
97,1642.2,1844.8,202.6,12.34,2007.28,365.08,22.23
98,965.9,1074.98,109.08,11.29,1299.31,333.41,34.52
99,1249.99,1740.77,490.78,39.26,1299.4,49.41,3.95
100,496.79,583.21,86.42,17.4,854.66,357.87,72.04
101,2599.99,3045.91,445.92,17.15,2824.85,224.86,8.65
102,499,592.85,93.85,18.81,649.16,150.16,30.09
103,653.31,684.33,31.02,4.75,747.7,94.39,14.45
104,498.99,553.11,54.12,10.85,641.15,142.16,28.49
105,859,1243.97,384.97,44.82,1059.6,200.6,23.35
106,3199.99,3328.1,128.11,4,3842.28,642.29,20.07
107,699,722.32,23.32,3.34,777.72,78.72,11.26
108,988.62,1025.58,36.96,3.74,1276.85,288.23,29.15
109,2318.98,2445.09,126.11,5.44,2170.08,148.9,6.42
110,2999.98,3449.13,449.15,14.97,3195.21,195.23,6.51
111,683.99,753.2,69.21,10.12,902.67,218.68,31.97
112,4633.98,4510.21,123.77,2.67,4352.7,281.28,6.07
113,1193.52,1410.9,217.38,18.21,1560.3,366.78,30.73
114,668.78,724.65,55.87,8.35,859.48,190.7,28.51
115,1499.89,1534.1,34.21,2.28,1121.79,378.1,25.21
116,1789.89,1814.17,24.28,1.36,1465,324.89,18.15
117,1934.05,2396.89,462.84,23.93,3068.41,1134.36,58.65
118,749.99,750.58,0.59,0.08,855.8,105.81,14.11
119,2449.99,2870.69,420.7,17.17,3701.2,1251.21,51.07
120,5593,2056.28,3536.72,63.23,2820.61,2772.39,49.57
121,1029.35,1299.65,270.3,26.26,1524.18,494.83,48.07
122,749,797.31,48.31,6.45,891.71,142.71,19.05
123,613.21,706.39,93.18,15.2,807.42,194.21,31.67
124,3999.98,3394.11,605.87,15.15,2694.61,1305.37,32.63
125,2499.98,2362.09,137.89,5.52,2301.11,198.87,7.95
126,1128.89,1421.8,292.91,25.95,1934.73,805.84,71.38
127,4299.98,3397.68,902.3,20.98,2692.06,1607.92,37.39
128,558.99,648.77,89.78,16.06,759.51,200.52,35.87
129,1245.11,1644.59,399.48,32.08,1707.92,462.81,37.17
130,4499.99,4569.32,69.33,1.54,4791.79,291.8,6.48
131,2499.98,2260.06,239.92,9.6,2657.85,157.87,6.31
132,2799.99,2525.96,274.03,9.79,2701.42,98.57,3.52
133,699,718.04,19.04,2.72,766.79,67.79,9.7
134,659.99,701.6,41.61,6.3,815.84,155.85,23.61
135,1349,1464.04,115.04,8.53,1550.15,201.15,14.91
136,2799.99,3013.39,213.4,7.62,3186.32,386.33,13.8
137,3399.99,4074.12,674.13,19.83,4038.19,638.2,18.77
138,1412.29,1503,90.71,6.42,1621.95,209.66,14.85
139,1735.07,2227.33,492.26,28.37,1966.73,231.66,13.35
140,1693.86,1647.61,46.25,2.73,1242.89,450.97,26.62
141,4589.71,3360.74,1228.97,26.78,2702.72,1886.99,41.11
142,1899,1761.39,137.61,7.25,1734.9,164.1,8.64
143,2215.98,2730.52,514.54,23.22,3517.18,1301.2,58.72
144,7199.99,4848.43,2351.56,32.66,3927.25,3272.74,45.45
145,3399.98,2476.78,923.2,27.15,2862.65,537.33,15.8
146,515,598.99,83.99,16.31,658.11,143.11,27.79
147,6799.98,5100.65,1699.33,24.99,4537.72,2262.26,33.27
148,999.91,1081.06,81.15,8.12,1308.82,308.91,30.89
149,2999.99,2265.11,734.88,24.5,1936.87,1063.12,35.44
150,656.9,655.3,1.6,0.24,671.41,14.51,2.21
151,1699.99,1712.63,12.64,0.74,1214.55,485.44,28.56
152,728.99,737.78,8.79,1.21,838.46,109.47,15.02
153,1349.91,1523.07,173.16,12.83,1625.64,275.73,20.43
154,1169.99,1589.24,419.25,35.83,2294.94,1124.95,96.15
155,595,605.22,10.22,1.72,658.34,63.34,10.65
156,1943.89,2102.54,158.65,8.16,1547.02,396.87,20.42
157,879.99,1206.02,326.03,37.05,1138.83,258.84,29.41
158,1934.05,2200.78,266.73,13.79,2603.83,669.78,34.63
159,1073.45,1382.66,309.21,28.81,1561.41,487.96,45.46
160,839,1151.66,312.66,37.27,974.19,135.19,16.11
161,3899.98,3459.24,440.74,11.3,3135.1,764.88,19.61
162,899.99,1082.76,182.77,20.31,1242.61,342.62,38.07
163,2653.42,2368.12,285.3,10.75,2015.24,638.18,24.05
164,1079.98,1225.16,145.18,13.44,1247.02,167.04,15.47
165,2677,2062.18,614.82,22.97,1551.85,1125.15,42.03
166,1699.99,1856.07,156.08,9.18,2636.8,936.81,55.11
167,749.99,667.3,82.69,11.03,704.46,45.53,6.07
168,1099.91,1387.23,287.32,26.12,1900.67,800.76,72.8
169,1399.99,1620.53,220.54,15.75,1691.46,291.47,20.82
170,4699,4606.17,92.83,1.98,4275.56,423.44,9.01
171,1199.9,1309.79,109.89,9.16,1036.28,163.62,13.64
172,1818.18,3284.34,1466.16,80.64,3119.72,1301.54,71.58
173,721.68,720.8,0.88,0.12,765.98,44.3,6.14
174,1949,2512.75,563.75,28.93,3218.71,1269.71,65.15
175,1595.92,1903.84,307.92,19.29,1094.3,501.62,31.43
176,3999,4188.73,189.73,4.74,3755.4,243.6,6.09
177,1904.05,2126.6,222.55,11.69,2249.86,345.81,18.16
178,1052.59,1115.66,63.07,5.99,1167.75,115.16,10.94
179,699.99,855.04,155.05,22.15,848.21,148.22,21.17
180,2986.65,2039.17,947.48,31.72,1340.71,1645.94,55.11
181,1094.99,1278.58,183.59,16.77,1456.78,361.79,33.04
182,1225.34,1582.4,357.06,29.14,1318.36,93.02,7.59
183,1934.05,2720.28,786.23,40.65,2367.07,433.02,22.39
184,1999.98,1492.78,507.2,25.36,1070.49,929.49,46.47
185,1022.71,1333.89,311.18,30.43,1387.25,364.54,35.64
186,4099.99,3916.92,183.07,4.47,3246.79,853.2,20.81
187,4099.99,4363.64,263.65,6.43,5167.49,1067.5,26.04
188,569.99,664.97,94.98,16.66,754.21,184.22,32.32
189,1341.9,1510.37,168.47,12.55,1381.35,39.45,2.94
190,899,962.98,63.98,7.12,956.56,57.56,6.4
191,574,795.85,221.85,38.65,824.56,250.56,43.65
192,1325.99,1702.74,376.75,28.41,2400.59,1074.6,81.04
193,2199.98,2020.74,179.24,8.15,1307.76,892.22,40.56
194,2380,2380.61,0.61,0.03,2235.26,144.74,6.08
195,2530,2309.96,220.04,8.7,1996.63,533.37,21.08
196,1399.98,1487.89,87.91,6.28,1336.84,63.14,4.51
197,1829.99,1153.4,676.59,36.97,1405.76,424.23,23.18
198,3298.99,3353.87,54.88,1.66,3220.52,78.47,2.38
199,4599.99,4600.99,1,0.02,4690.24,90.25,1.96
200,1649.98,1856.5,206.52,12.52,1549.28,100.7,6.1
201,639.91,704.33,64.42,10.07,738.51,98.6,15.41
202,799,843.15,44.15,5.53,878.77,79.77,9.98
203,1599.9,1442.92,156.98,9.81,1139.67,460.23,28.77
204,3799.98,3470.12,329.86,8.68,3568.76,231.22,6.08
205,2899.99,2688.41,211.58,7.3,2902.73,2.74,0.09
206,949.91,1082.44,132.53,13.95,1090.18,140.27,14.77
207,3099.98,2661.32,438.66,14.15,2009.34,1090.64,35.18
208,2888.99,3309.24,420.25,14.55,3828.19,939.2,32.51
209,669.91,715.48,45.57,6.8,818.91,149,22.24
210,1047.2,1204.63,157.43,15.03,1097.02,49.82,4.76
211,1971.99,3322.92,1350.93,68.51,2909.72,937.73,47.55
212,1699,1818.55,119.55,7.04,1985.08,286.08,16.84
213,749,745.05,3.95,0.53,874.35,125.35,16.74
214,1059.1,1007.95,51.15,4.83,994.54,64.56,6.1
215,1222.99,1589.57,366.58,29.97,2118.85,895.86,73.25
216,2393.95,2264.01,129.94,5.43,2549.39,155.44,6.49
217,1399.99,1796.74,396.75,28.34,2351.24,951.25,67.95
218,2759.99,2477.54,282.45,10.23,2268.97,491.02,17.79
219,799,762.23,36.77,4.6,881.59,82.59,10.34
220,1029.91,1290.25,260.34,25.28,1360.95,331.04,32.14
221,1648.99,1390.68,258.31,15.66,1184.97,464.02,28.14
222,1235.94,1259.17,23.23,1.88,1217.65,18.29,1.48
223,1666,2032.63,366.63,22.01,2365.56,699.56,41.99
224,799,766.8,32.2,4.03,887.6,88.6,11.09
225,1689.8,1440.03,249.77,14.78,1764.19,74.39,4.4
226,1099.91,1319.73,219.82,19.99,1323.21,223.3,20.3
227,2499,2053.6,445.4,17.82,1763.92,735.08,29.41
228,5699.98,2471.05,3228.93,56.65,2861.13,2838.85,49.8
229,1399.99,1334.63,65.36,4.67,1490.72,90.73,6.48
230,1299,1318.85,19.85,1.53,1328.56,29.56,2.28
231,1581.51,1747.34,165.83,10.49,2028.1,446.59,28.24
232,799,869.68,70.68,8.85,883.47,84.47,10.57
233,2685,2512.71,172.29,6.42,2346.25,338.75,12.62
234,1999,1724.24,274.76,13.74,1674.92,324.08,16.21
235,4343.5,3393.27,950.23,21.88,2851.02,1492.48,34.36
236,1102.99,1421.88,318.89,28.91,1474.52,371.53,33.68
237,5414.5,4714.08,700.42,12.94,5085.36,329.14,6.08
238,3759.99,2971.94,788.05,20.96,3531.32,228.67,6.08
239,1271.59,1246.52,25.07,1.97,1269.85,1.74,0.14
240,5999.99,4335.47,1664.52,27.74,3316.91,2683.08,44.72
241,1099.91,1364.93,265.02,24.09,1672.37,572.46,52.05
242,2090,2924,834,39.9,2163.5,73.5,3.52
243,2293.87,2244.8,49.07,2.14,2527.1,233.23,10.17
244,1799.98,1928.59,128.61,7.15,1690.15,109.83,6.1
245,1277.59,1356.79,79.2,6.2,1506.15,228.56,17.89
246,1785,1385.65,399.35,22.37,1900.14,115.14,6.45
247,3699.98,2084.13,1615.85,43.67,1835.55,1864.43,50.39
248,1699,1688.77,10.23,0.6,1809.06,110.06,6.48
249,2499,2211.77,287.23,11.49,1741.02,757.98,30.33
250,1547,1260.45,286.55,18.52,1067.05,479.95,31.02
251,4149.99,3864.96,285.03,6.87,3965.4,184.59,4.45
252,4499.98,4588.24,88.26,1.96,4794.81,294.83,6.55
253,3199.99,2563.1,636.89,19.9,2179.18,1020.81,31.9
254,1368.55,1415.54,46.99,3.43,1456.89,88.34,6.46
255,1199.98,1529.67,329.69,27.47,1789.3,589.32,49.11
256,1999,2046.69,47.69,2.39,2123.85,124.85,6.25
257,6299.99,5348.89,951.1,15.1,5384.06,915.93,14.54
258,7699.98,4228.86,3471.12,45.08,3788.1,3911.88,50.8
259,1229,1086.79,142.21,11.57,893.93,335.07,27.26
260,1075,1303.66,228.66,21.27,1475.4,400.4,37.25
261,2899.99,2634.12,265.87,9.17,2618.04,281.95,9.72
262,1064,1074.55,10.55,0.99,1176.48,112.48,10.57
263,1045.99,1311.45,265.46,25.38,1505.35,459.36,43.92
264,2499,2253.18,245.82,9.84,2660.43,161.43,6.46
265,2272.9,2653.12,380.22,16.73,2033.5,239.4,10.53
266,4999,4492.97,506.03,10.12,3687.82,1311.18,26.23
267,1832.6,1403.94,428.66,23.39,1370.9,461.7,25.19
268,2199,2350.92,151.92,6.91,1954.47,244.53,11.12
269,2799,2373.68,425.32,15.2,2541.48,257.52,9.2
270,2099.9,2337.66,237.76,11.32,2207.81,107.91,5.14
271,3617.6,3555.26,62.34,1.72,3396.91,220.69,6.1
272,2685,2371.72,313.28,11.67,2465.2,219.8,8.19
273,4799.98,4467.99,331.99,6.92,4427.75,372.23,7.75
274,869.98,904.87,34.89,4.01,817.11,52.87,6.08
275,2497.99,2573.66,75.67,3.03,2602.55,104.56,4.19
276,1288.99,1554.34,265.35,20.59,2263.12,974.13,75.57
277,1220.65,1309.32,88.67,7.26,1451.81,231.16,18.94
278,955,958.66,3.66,0.38,919.03,35.97,3.77
279,749,768,19,2.54,703.41,45.59,6.09
280,2189.99,1890.42,299.57,13.68,1502.18,687.81,31.41
281,2685,1560.33,1124.67,41.89,1587.84,1097.16,40.86
282,695.64,651.25,44.39,6.38,740.66,45.02,6.47
283,1320.49,1238.04,82.45,6.24,1377.04,56.55,4.28
284,2799.98,2390.31,409.67,14.63,2732.54,67.44,2.41
285,749,720.8,28.2,3.77,765.98,16.98,2.27
286,2999.98,2315.69,684.29,22.81,2131.95,868.03,28.93
287,1205.47,1871.6,666.13,55.26,1716.52,511.05,42.39
288,2199,2186.4,12.6,0.57,2054.54,144.46,6.57
289,2524.8,2565.79,40.99,1.62,2521.89,2.91,0.12
290,2469.9,2591.14,121.24,4.91,2763.73,293.83,11.9
291,548.99,580.68,31.69,5.77,644.24,95.25,17.35
292,1849.9,1527.15,322.75,17.45,1618.39,231.51,12.51
293,3999.9,4294.55,294.65,7.37,4259.18,259.28,6.48
294,1899.99,1914.52,14.53,0.76,1456.95,443.04,23.32
295,999.01,1728.6,729.59,73.03,1297.16,298.15,29.84
296,3048.98,2739.94,309.04,10.14,2865.85,183.13,6.01
297,2499,2433.02,65.98,2.64,1866.62,632.38,25.31
298,3129.7,3399.29,269.59,8.61,3059.21,70.49,2.25
299,2599,2654.34,55.34,2.13,2855.89,256.89,9.88
300,2177,2467.39,290.39,13.34,2190.84,13.84,0.64
301,2099.99,1494.99,605,28.81,954.52,1145.47,54.55
302,2339.99,1562.54,777.45,33.22,1850.58,489.41,20.92
303,2261,2312.76,51.76,2.29,2167.7,93.3,4.13
304,1693.87,2030.25,336.38,19.86,1720.02,26.15,1.54
305,2524.8,2453.54,71.26,2.82,2013.84,510.96,20.24
306,4760,3558.53,1201.47,25.24,2907.56,1852.44,38.92
307,1643.89,1550.61,93.28,5.67,1429.53,214.36,13.04
308,1844.5,1593.15,251.35,13.63,1451.35,393.15,21.31
309,1399.99,1314.97,85.02,6.07,1314.81,85.18,6.08
310,2449,2480.26,31.26,1.28,2299.53,149.47,6.1
311,2999,2635.43,363.57,12.12,2424.42,574.58,19.16
312,2888.99,3401.28,512.29,17.73,4836.53,1947.54,67.41
313,1699,1948.47,249.47,14.68,1809.33,110.33,6.49
314,2949.98,2372.64,577.34,19.57,1793.54,1156.44,39.2
315,2599,2364.22,234.78,9.03,1692.6,906.4,34.87
316,1384.49,2144.05,759.56,54.86,2494.19,1109.7,80.15
317,2915.5,3234.32,318.82,10.94,3107.35,191.85,6.58
318,1099.99,1218.92,118.93,10.81,1567.13,467.14,42.47
319,3699.98,3591.31,108.67,2.94,3761.77,61.79,1.67
320,2049.91,2511.83,461.92,22.53,3193.89,1143.98,55.81
321,7399.98,3850.01,3549.97,47.97,4506.74,2893.24,39.1
322,1545.81,1848.8,302.99,19.6,1646.02,100.21,6.48
323,1149,1544.86,395.86,34.45,1237.64,88.64,7.71
324,4141.2,2827.85,1313.35,31.71,3665.38,475.82,11.49
325,4699.98,3985.45,714.53,15.2,4187.2,512.78,10.91
326,586.99,608.09,21.1,3.59,706.37,119.38,20.34
327,1285.2,1343.56,58.36,4.54,1029.1,256.1,19.93
328,1999,1468.48,530.52,26.54,1203.03,795.97,39.82
329,2393.95,2151.08,242.87,10.15,2549.6,155.65,6.5
330,3272.5,2368.46,904.04,27.63,2628.38,644.12,19.68
331,2975,2860.75,114.25,3.84,2793.79,181.21,6.09
332,4522,3984.67,537.33,11.88,2731.29,1790.71,39.6
333,1260,1469.57,209.57,16.63,1778.16,518.16,41.12
334,2796.5,2748.8,47.7,1.71,2858.03,61.53,2.2
335,3150,2737.07,412.93,13.11,2958.12,191.88,6.09
336,1880.19,1323.38,556.81,29.61,1204.8,675.39,35.92
337,3899.04,4118.02,218.98,5.62,4151.58,252.54,6.48
338,3808,3638.55,169.45,4.45,2876.47,931.53,24.46
339,3189.2,2888.84,300.36,9.42,2827.37,361.83,11.35
340,2299,2363.51,64.51,2.81,2374.76,75.76,3.3
341,1999.2,1856.01,143.19,7.16,1788.97,210.23,10.52
342,5170.55,4583.23,587.32,11.36,4259.99,910.56,17.61
343,1249.99,1333.04,83.05,6.64,1262.99,13,1.04
344,1699,1716.51,17.51,1.03,1504.65,194.35,11.44
345,1699.98,1567.52,132.46,7.79,1184.52,515.46,30.32
346,3199.9,3240.4,40.5,1.27,2663.48,536.42,16.76
347,2193.91,2162.15,31.76,1.45,2091.18,102.73,4.68
348,1904,1773.25,130.75,6.87,1787.99,116.01,6.09
349,869.91,1137.08,267.17,30.71,1121.16,251.25,28.88
350,2493.9,2886.68,392.78,15.75,2342.1,151.8,6.09
351,4199.98,3982.15,217.83,5.19,3944.03,255.95,6.09
352,2099.04,2062.88,36.16,1.72,2435.12,336.08,16.01
353,1089.98,1214.66,124.68,11.44,1147.44,57.46,5.27
354,2299.91,2072.38,227.53,9.89,2160.22,139.69,6.07
355,6698.99,5092.82,1606.17,23.98,4451.33,2247.66,33.55
356,1635,1536.4,98.6,6.03,1548.97,86.03,5.26
357,999.6,1023.65,24.05,2.41,849.76,149.84,14.99
358,2939.3,2479.62,459.68,15.64,1856.99,1082.31,36.82
359,2999.04,3745.9,746.86,24.9,4519.53,1520.49,50.7
360,1309,1424.78,115.78,8.84,1543.5,234.5,17.91
361,2499.98,2725.36,225.38,9.02,2430.94,69.04,2.76
362,1640,2633.43,993.43,60.57,2943.03,1303.03,79.45
363,1868.3,1396.34,471.96,25.26,1247.97,620.33,33.2
364,849.9,699.86,150.04,17.65,798.31,51.59,6.07
365,1354.99,1385.85,30.86,2.28,1442.81,87.82,6.48
366,1099,1285.72,186.72,16.99,1259.58,160.58,14.61
367,6999.98,3746.87,3253.11,46.47,3920.23,3079.75,44
368,699.9,677.18,22.72,3.25,736.57,36.67,5.24
369,1294.99,1415.91,120.92,9.34,1617.52,322.53,24.91
370,2599,2592.92,6.08,0.23,2517.44,81.56,3.14
371,1808.8,1628.42,180.38,9.97,1686.33,122.47,6.77
372,7998.94,3736.42,4262.52,53.29,4006.94,3992,49.91
373,2949,2603.1,345.9,11.73,2307.26,641.74,21.76
374,2099.98,2279.18,179.2,8.53,1972.08,127.9,6.09
375,7499.02,3352.55,4146.47,55.29,3751.03,3747.99,49.98
376,4899,3911.94,987.06,20.15,4031.15,867.85,17.71
377,2169.99,1963.72,206.27,9.51,1047.55,1122.44,51.73
378,2499,2160.66,338.34,13.54,1825.11,673.89,26.97
379,1199,1128.44,70.56,5.88,957.63,241.37,20.13
380,2539.9,1916.49,623.41,24.54,1864.98,674.92,26.57
381,1099,1712.79,613.79,55.85,1282.83,183.83,16.73
382,16999.03,3213.75,13785.28,81.09,3721.51,13277.52,78.11
383,3873.45,2605.74,1267.71,32.73,2862.43,1011.02,26.1
384,2023,2079.74,56.74,2.8,2154.61,131.61,6.51
385,2777,2268.62,508.38,18.31,1859.67,917.33,33.03
386,4343.5,3490.32,853.18,19.64,2657.83,1685.67,38.81
387,7758,4323.95,3434.05,44.26,3505.62,4252.38,54.81
388,4641,3823.01,817.99,17.63,2880.09,1760.91,37.94
389,1899,1956.02,57.02,3,1526.56,372.44,19.61
390,1199,1271.22,72.22,6.02,1125.72,73.28,6.11
391,1648.99,1607.03,41.96,2.54,1565.7,83.29,5.05
392,2497.99,2274.23,223.76,8.96,2096.31,401.68,16.08
393,6069,4717.62,1351.38,22.27,4382.9,1686.1,27.78
394,7298.98,3667.4,3631.58,49.75,4369.41,2929.57,40.14
395,1832.6,1870.72,38.12,2.08,1951.83,119.23,6.51
396,3427.2,2581.52,845.68,24.68,2264.94,1162.26,33.91
397,4760,4114.7,645.3,13.56,4513.48,246.52,5.18
398,6698.99,3711.67,2987.32,44.59,4312.85,2386.14,35.62
399,1957.55,1992.39,34.84,1.78,1020.16,937.39,47.89
400,3748.5,3195.25,553.25,14.76,3300.01,448.49,11.96
401,3665.2,3535.36,129.84,3.54,3281.59,383.61,10.47
402,2921.45,2786.14,135.31,4.63,2744.2,177.25,6.07
403,4403,4272.24,130.76,2.97,2918.92,1484.08,33.71
404,799,836.36,37.36,4.68,832.66,33.66,4.21
405,1369,1528.36,159.36,11.64,1607.76,238.76,17.44
406,2199,2182.87,16.13,0.73,2072.2,126.8,5.77
407,3546.2,3224.46,321.74,9.07,2738.01,808.19,22.79
408,1899.99,1718.58,181.41,9.55,1577.33,322.66,16.98
409,6307,5182.42,1124.58,17.83,4030.99,2276.01,36.09
410,3153.5,3271.96,118.46,3.76,2863.31,290.19,9.2
411,8498.98,3554.27,4944.71,58.18,3536.64,4962.34,58.39
412,2299.91,2240.15,59.76,2.6,1899.22,400.69,17.42
413,1339.99,1083.4,256.59,19.15,935.2,404.79,30.21
414,2398.99,2441.27,42.28,1.76,2130.05,268.94,11.21
415,5474,4746.02,727.98,13.3,4431.66,1042.34,19.04
416,4284,3797.56,486.44,11.35,4022.67,261.33,6.1
417,7075.99,3815.69,3260.3,46.08,4676.5,2399.49,33.91
418,2558.5,1971.44,587.06,22.95,2048.06,510.44,19.95
419,2475.2,2145.28,329.92,13.33,2324.18,151.02,6.1
420,1999.98,2234.3,234.32,11.72,2257.49,257.51,12.88
421,13799,3357.14,10441.86,75.67,3746.87,10052.13,72.85
422,2023,1930.61,92.39,4.57,1356.76,666.24,32.93
423,1374.45,1082.36,292.09,21.25,965.13,409.32,29.78
424,929.99,999.6,69.61,7.49,912.4,17.59,1.89
425,7998.94,2713.76,5285.18,66.07,2838.88,5160.06,64.51
426,9998.98,3994.1,6004.88,60.05,6581.82,3417.16,34.18
427,9199.98,2642.64,6557.34,71.28,3068.78,6131.2,66.64
428,3570,2687.38,882.62,24.72,2191.55,1378.45,38.61
429,9998.98,3456.02,6542.96,65.44,4717.35,5281.63,52.82
430,2538,2603.5,65.5,2.58,3171.84,633.84,24.97
431,2189.6,2240.63,51.03,2.33,2388.8,199.2,9.1
432,1699,1587.99,111.01,6.53,1617.09,81.91,4.82
433,5198.99,4264.44,934.55,17.98,3422.95,1776.04,34.16
434,15599,3973.76,11625.24,74.53,5838.7,9760.3,62.57
435,13999.04,3765.38,10233.66,73.1,6185.55,7813.49,55.81
436,6902,1152.13,5749.87,83.31,1771.45,5130.55,74.33
437,3166,3443.79,277.79,8.77,2972.4,193.6,6.11
438,3034.5,2637.52,396.98,13.08,2587.06,447.44,14.75
439,4284,4000.45,283.55,6.62,4022.47,261.53,6.1
440,2011.1,1744.63,266.47,13.25,1065.04,946.06,47.04
441,3599.04,3094.75,504.29,14.01,1933.64,1665.4,46.27
442,3799.98,2616.64,1183.34,31.14,1772.35,2027.63,53.36
443,2915.5,2301.01,614.49,21.08,1061.75,1853.75,63.58
444,17998.99,3348.3,14650.69,81.4,4045.56,13953.43,77.52
445,3213,2768.2,444.8,13.84,3017.21,195.79,6.09
446,2963.1,1944.91,1018.19,34.36,1824.05,1139.05,38.44
447,5355,2758.54,2596.46,48.49,1012.95,4342.05,81.08
448,3034.5,2317.94,716.56,23.61,2626.05,408.45,13.46
449,1998.96,2198.71,199.75,9.99,2755.08,756.12,37.83
450,1899,801.16,1097.84,57.81,613.15,1285.85,67.71
451,7898.98,3818.04,4080.94,51.66,2954.69,4944.29,62.59
452,11941.65,3205.5,8736.15,73.16,3490.03,8451.62,70.77
453,8746.5,3729.02,5017.48,57.37,2916.36,5830.14,66.66
454,11999.01,4310.39,7688.62,64.08,5173.84,6825.17,56.88
455,8498.98,4111.61,4387.37,51.62,5179.55,3319.43,39.06
456,9899.02,4443.21,5455.81,55.11,4991.43,4907.59,49.58
457,11999.01,3918.26,8080.75,67.35,4220.38,7778.63,64.83
458,11305,4049.09,7255.91,64.18,4240.22,7064.78,62.49
459,9799.06,4481.96,5317.1,54.26,5437.58,4361.48,44.51
460,6545,4536.06,2008.94,30.69,2923.97,3621.03,55.33
461,9499.06,3396.67,6102.39,64.24,3334.9,6164.16,64.89
462,8498.98,4716.29,3782.69,44.51,3818.4,4680.58,55.07
463,4499.03,3256.88,1242.15,27.61,2083.23,2415.8,53.7
464,3630.72,3322.39,308.33,8.49,3723.78,93.06,2.56
465,7437.5,3854.91,3582.59,48.17,4001.93,3435.57,46.19
466,3299.87,2285.52,1014.35,30.74,1403.7,1896.17,57.46
467,10999.05,2739.96,8259.09,75.09,2790.05,8209,74.63
468,3498.6,2739.45,759.15,21.7,1152.39,2346.21,67.06
469,3999,2997.04,1001.96,25.06,2921.85,1077.15,26.94
470,9044,3987.47,5056.53,55.91,3750.07,5293.93,58.54
471,6498.95,5178.54,1320.41,20.32,6167.31,331.64,5.1
472,3492.65,2719.57,773.08,22.13,1877.08,1615.57,46.26
473,7729.05,4072.31,3656.74,47.31,3982.82,3746.23,48.47
474,4664.8,4441.46,223.34,4.79,3335.89,1328.91,28.49
475,3927,4388.73,461.73,11.76,3929.25,2.25,0.06
476,4499.03,4531.14,32.11,0.71,3776.38,722.65,16.06
477,2171.75,1419.97,751.78,34.62,839.65,1332.1,61.34
478,3999,4327.45,328.45,8.21,2083.54,1915.46,47.9
479,3999,4165.95,166.95,4.17,3406.8,592.2,14.81
480,4598.99,4327.45,271.54,5.9,2083.54,2515.45,54.7
481,4522,2921.94,1600.06,35.38,1728.37,2793.63,61.78
482,3296.3,2179.36,1116.94,33.88,1746.26,1550.04,47.02
483,11781,3780.45,8000.55,67.91,4539.76,7241.24,61.47
484,12298.65,3782.25,8516.4,69.25,4819.98,7478.67,60.81
485,5898.95,4901.46,997.49,16.91,4944.22,954.73,16.18
486,9853.2,2484.52,7368.68,74.78,2505.47,7347.73,74.57
487,8758.4,1982.74,6775.66,77.36,2364.23,6394.17,73.01
488,9020.2,4292.7,4727.5,52.41,4451.73,4568.47,50.65
489,2112.25,1890.54,221.71,10.5,1513.26,598.99,28.36
490,9998.98,4655.91,5343.07,53.44,7201.09,2797.89,27.98
491,9799.06,4732.67,5066.39,51.7,6617.26,3181.8,32.47
492,6574.75,4146.73,2428.02,36.93,2969.1,3605.65,54.84
493,5898.95,3612.09,2286.86,38.77,3605.87,2293.08,38.87
494,7499.02,4760.59,2738.43,36.52,5211.22,2287.8,30.51
495,5798.99,4350.49,1448.5,24.98,3707.86,2091.13,36.06
496,7898.98,4358.81,3540.17,44.82,4920.91,2978.07,37.7
497,5498.99,4148.43,1350.56,24.56,2612.33,2886.66,52.49
498,6498.95,4775.53,1723.42,26.52,6102.63,396.32,6.1
499,5898.95,4498.75,1400.2,23.74,3403.15,2495.8,42.31
500,3159.45,2255.61,903.84,28.61,2093.54,1065.91,33.74
501,5182.45,3913.79,1268.66,24.48,1945.72,3236.73,62.46
502,952,1052.22,100.22,10.53,1433.66,481.66,50.59
503,5798.99,4954.8,844.19,14.56,4754.87,1044.12,18.01
504,719.98,705.95,14.03,1.95,758.91,38.93,5.41
505,3399.99,3906.52,506.53,14.9,3621.32,221.33,6.51
506,3039.99,2236.35,803.64,26.44,1731.21,1308.78,43.05
507,1699.99,1603.89,96.1,5.65,1809.62,109.63,6.45
508,1699.99,1708.71,8.72,0.51,2144,444.01,26.12
509,2299.99,2579.41,279.42,12.15,2708.27,408.28,17.75
510,1699.99,1088.14,611.85,35.99,1275.46,424.53,24.97
511,3299.98,2149.37,1150.61,34.87,1811.29,1488.69,45.11
512,1829.99,2306.89,476.9,26.06,2438.31,608.32,33.24
513,1099.99,1622.66,522.67,47.52,1462.43,362.44,32.95
514,2139.99,2645.03,505.04,23.6,2812.46,672.47,31.42
515,1999.99,1979.73,20.26,1.01,1878.43,121.56,6.08
516,1569.99,1931.22,361.23,23.01,2177.33,607.34,38.68
517,1099.99,1217.61,117.62,10.69,1346.21,246.22,22.38
518,4599.99,4032.99,567,12.33,3905.98,694.01,15.09
519,1399.99,1515.68,115.69,8.26,1478.73,78.74,5.62
520,1299.99,1429.13,129.14,9.93,1384.38,84.39,6.49
521,999.99,1302.26,302.27,30.23,1601.54,601.55,60.16
522,1839.99,2067.34,227.35,12.36,1954.4,114.41,6.22
523,1799.99,1680.57,119.42,6.63,1655.56,144.43,8.02
524,1059.99,1563.83,503.84,47.53,1486.38,426.39,40.23
525,2699.99,3147.11,447.12,16.56,2705.56,5.57,0.21
526,3199.99,3623.35,423.36,13.23,3408.41,208.42,6.51
527,1599.99,1913.93,313.94,19.62,1703.68,103.69,6.48
528,4999.99,4438.73,561.26,11.23,3840.09,1159.9,23.2
529,1599.99,1530.08,69.91,4.37,1495.14,104.85,6.55
530,3209.99,2392.26,817.73,25.47,1407.19,1802.8,56.16
531,2289.99,2499.36,209.37,9.14,2150.61,139.38,6.09
